rank,title,views,subscribers,videos
1,MrBeast,1.17E+11,476000000,963
2,T-Series,3.37E+11,311000000,25816
3,Cocomelon - Nursery Rhymes,2.20E+11,200000000,1964
4,SET India,1.87E+11,189000000,168847
5,Vlad and Niki,1.20E+11,149000000,1007
6,✿ Kids Diana Show,1.24E+11,138000000,1596
7,Stokes Twins,29586430358,138000000,433
8,Like Nastya Stories,7844997240,15600000,764
9,김프로KIMPRO,1.38E+11,131000000,4021
10,Zee Music Company,87226314323,122000000,16021
11,WWE,1.03E+11,112000000,92353
12,Alejo Igoa,33730332908,111000000,1317
13,PewDiePie,29487357972,110000000,4660
14,Goldmines,31911561247,109000000,13412
15,Sony SAB,1.42E+11,105000000,109769
16,Alan's Universe,60715936253,100000000,1641
17,BLACKPINK,41756433903,100000000,666
18,ChuChu TV Nursery Rhymes & Kids Songs,58944852062,98100000,1089
19,Zee TV,1.15E+11,97500000,231894
20,A4,37214205773,92700000,1040
21,Topper Guild,31015966579,86700000,1448
22,Baby Shark - Pinkfong Kids’ Songs & Stories,54913135739,84400000,3835
23,BANGTANTV,27378073523,83600000,2998
24,KL BRO Biju Rithvik,95699512801,83000000,3683
25,Toys and Colors,1.17E+11,82300000,1800
26,ZAMZAM BROTHERS OFFICIAL ,42209982306,82300000,22636
27,Colors TV,1580068690,82000000,76005
28,T-Series Bhakti Sagar,46919999030,81800000,32004
29,Tips Official,54848435645,81100000,9600
30,5-Minute Crafts,28468609365,80800000,8122
31,HYBE LABELS,44660899040,80700000,3097
32,UR · Cristiano,975359551,78500000,131
33,Justin Bieber,37547851046,77300000,278
34,Aaj Tak HD,3042292567,7640000,99481
35,Mark Rober,16263106942,74800000,252
36,Shemaroo Filmi Gaane,35196106092,74400000,10014
37,ISSEI / いっせい,63951567054,73800000,4569
38,Fede Vigevani,25061415126,73300000,1675
39,HAR PAL GEO,80168334367,72400000,203619
40,Bispo Bruno Leonardo,10987979524,72300000,9421
41,Infobells - Hindi,47479970072,72200000,927
42,YRF,57093034331,71600000,4925
43,El Reino Infantil,72430790292,71000000,2100
44,Sony Music India,61898337701,70600000,11853
45,Anaya Kandhal,97910109099,70200000,3955
46,WaveMusic,2843943881,4870000,2583
47,Zhong,23336142094,69400000,2312
48,YOLO AVENTURAS,27964131304,68200000,3310
49,Canal KondZilla,40264534728,68000000,3581
50,ARY Digital HD,73823183165,67600000,221839
51,EminemMusic,36924540137,66600000,210
52,Movieclips,69120335053,66000000,44502
53,Taylor Swift,44563826204,63100000,658
54,PANDA BOI,27395813247,62400000,1284
55,LooLoo Kids - Nursery Rhymes and Children's Songs,40603443431,61900000,956
56,Dude Perfect,20387712183,61900000,558
57,Shemaroo,27853923343,61500000,13700
58,Saregama Music,33097147384,61400000,10581
59,Dangal TV Channel,57768193110,61300000,50666
60,आचार्य प्रशान्त - Acharya Prashant,5664074897,60100000,19320
61,Маша и Медведь,53386866051,59900000,2553
62,SonyMusicIndiaVEVO,38908839609,59700000,3812
63,ToRung,12266900275,59500000,347
64,Ed Sheeran,37681666045,59000000,751
65,Marshmello,17743119735,58500000,566
66,Alfredo Larin,60491218588,58300000,2192
67,Mikecrack,21671030720,58200000,2240
68,JioHotstar Kids,17458838279,58200000,3599
69,Billie Eilish,22135482158,57900000,183
70,Billion Surprise Toys,14930613927,57900000,2075
71,Get Movies,37944524467,57000000,4376
72,Ariana Grande,31516818275,57000000,232
73,MrBeast 2,10215348941,56800000,218
74,StarPlus,65394245457,56300000,130887
75,shfa,36219563632,55800000,1365
76,Celine Dept,52426375506,55600000,2124
77,Juan De Dios Pantoja,9205394465,55500000,506
78,MrBeast Gaming,10568504656,55300000,170
79,JuegaGerman,18226495091,55200000,2441
80,ABS-CBN Entertainment,58747121116,54800000,254483
81,माशा एंड द बेयर,8719837751,15900000,1929
82,Jess No Limit,7220924170,54500000,2810
83,HUM TV,51364009256,53900000,209226
84,shfa2 - شفا,37935379522,53400000,2057
85,LUCCAS NETO,15247311602,53400000,4969
86,Ishtar Music,28235554499,53100000,6425
87,Bad Bunny,46575719019,52600000,190
88,Real fools shorts official,19010244385,52600000,549
89,T-Series Bollywood Classics,39602733319,52300000,2954
90,IShowSpeed,7701092446,52200000,1829
91,BETER BÖCÜK,15416902539,51800000,2290
92,Sierra & Rhia FAM,90787836529,51300000,2228
93,Techno Gamerz,15623266951,51000000,1163
94,MR. INDIAN HACKER,9961943577,50500000,1306
95,IndiaTV Cricket,226663612,468000,29554
96,ABPLIVE,12045855907,30900000,318441
97,Karla Bustillos,15639050326,50300000,1736
98,Fernanfloo,11053364848,50300000,582
99,Maria Clara & JP,35181301851,50200000,1184
100,PowerKids TV,30817177882,50200000,9190
101,Shakira,35614010425,50100000,404
102,Dushyant kukreja,34481054679,49900000,1766
103,Genevieve's Playhouse - Learning Videos for Kids,41211024071,49700000,718
104,BeatboxJCOP,26880211789,49300000,1501
105,Ben Azelart,12456511946,49300000,405
106,Goldmines Gaane Sune Ansune,17644875341,49000000,3202
107,Ricis Official,8120325095,49000000,6256
108,AboFlah,8559527351,48900000,825
109,Shorts Break,41369523272,48400000,960
110,Speed Records,35948947162,48400000,13121
111,Felipe Neto,19413628062,47800000,6228
112,BEN EAGLE,36360207353,47700000,11830
113,Badabun,20163711943,47600000,28814
114,Alan Walker,16770241971,47400000,1001
115,Sony PAL,38181591610,47100000,34956
116,skibidi,20328965356,47100000,317
117,Você Sabia?,8583652443,47100000,1892
118,Ultra Bollywood,18358294899,47000000,10150
119,Katy Perry,29762032432,46800000,210
120,Frost Diamond,14286792834,46700000,4589
121,dednahype,45964423690,46400000,5741
122,Super Simple Songs - Kids Songs,61245473367,46100000,877
123,Priyal Kukreja,34788900733,46200000,1646
124,Jingle Toons,16271999390,46100000,292
125,Enaldinho,24171989739,45900000,5534
126,Rihanna,28679918226,45700000,92
127,Masha y el Oso,28157450653,45700000,2193
128,Luisito Comunica,11621888234,45700000,1467
129,Total Gaming,5094020543,45600000,573
130,La Granja de Zenón,40113122473,45500000,1240
131,CarryMinati,4370581387,45500000,207
132,Akshay Nagwadiya,15442515520,45400000,1531
133,Vlad và Niki,28892672616,45200000,841
134,Kids Videos,3150570675,5510000,2492
135,★ Kids Roma Show,21141151103,44700000,989
136,BRIGHT SIDE,11844011641,44600000,11365
137,whinderssonnunes,4730881417,44600000,1366
138,ช่อง one31,34683462521,44600000,203206
139,Like Nastya Show,22145599279,44400000,903
140,MaviGadget,55346967727,44200000,10930
141,TEDx Talks,8868184291,44200000,258025
142,WorkpointOfficial,43244362517,43600000,117454
143,BabyBus - Kids Songs and Cartoons,35215431443,43500000,3010
144,Like Nastya ESP,22937123291,43500000,1052
145,LeoNata Family,50092094794,43400000,5683
146,Peppa Pig - Official Channel,34292559148,43500000,9333
147,Bruno Mars,25113856444,43400000,120
148,TheDonato,8238833477,43100000,4008
149,GR6 EXPLODE,32006592725,42900000,3639
150,Zach King,22784966230,42900000,839
151,XXXTENTACION,12458074379,43000000,137
152,Gulshan Kalra,21156705940,42300000,996
153,Kids Channel India - Hindi Rhymes and Baby Songs,19571737135,42100000,2179
154,LankyBox,38913386930,42000000,10106
155,Zee News,8523,100,43
156,Brent Rivera,12797251782,42000000,871
157,Jason Derulo,28456800995,41900000,6152
158,Little Baby Bum - Nursery Rhymes & Kids Songs,43896353107,41700000,3313
159,Ricky Limon,18513761019,41800000,1738
160,The geeta gurjar,60839957349,41400000,4075
161,Daddy Yankee,27795757083,41300000,589
162,Wow Kidz Comedy,4390467013,10900000,7522
163,GMA Network,36703933705,41000000,235107
164,KAROL G,32821659081,41000000,166
165,Rajshri,20028238323,41000000,5160
166,T-Series Apna Punjab,29052011390,40900000,9648
167,Marta and Rustam,41495102049,40800000,2911
168,elrubiusOMG,8281857193,40800000,744
169,Diana y Roma en español,1303849048,4010000,483
170,Sujal Thakral,10731644647,40700000,834
171,Mr DegrEE,43280809976,40400000,2502
172,Heroindori,16675915739,40400000,939
173,Ryan's World,63282641570,40300000,3666
174,Pokémon Kids TV,3035295587,40000000,788
175,NichLmao,19803289042,39900000,1590
176,Tilak,16546566620,39900000,14516
177,Sourav Joshi Vlogs,21489966529,39800000,2356
178,tuzelity SHUFFLE,19879236566,39900000,1390
179,unknown boy varun,18177080114,39700000,1119
180,News18 Urdu,1653940194,3820000,215349
181,The Weeknd,35787390371,39500000,202
182,Jesser,10681810659,39600000,1623
183,Neetu Bisht,42120971601,39300000,4628
184,Mariano Razo,25966916027,39400000,1269
185,Shemaroo Movies,11103272866,39200000,3804
186,DisneyMusicVEVO,43581126787,39000000,3119
187,Prime Video India,16655726145,38900000,13665
188,Willie Salim,9329177616,39000000,2324
189,mujjuu___14,24696404251,38800000,1462
190,Worldwide Records Bhojpuri,22355137782,38800000,8204
191,Junya.じゅんや,24580457813,38700000,9628
192,Jkk Entertainment,17810842966,38700000,290
193,Markiplier,23413433231,38600000,5837
194,व्लाद और निकिता,22220722306,38500000,794
195,Natan por Aí,21634247403,38600000,2178
196,CVS 3D Rhymes & Kids Songs,24855671965,38400000,339
197,Aditya Movies,16787284157,38300000,13147
198,Filmy Surraj,23253069011,38200000,724
199,Sagawa /さがわ,31769040633,38100000,11399
200,Ozuna,28636083181,38100000,291
201,Maroon 5,27683851774,38000000,306
202,TheEllenShow,23760526323,38000000,18958
203,Vlad and Niki IDN,20077749666,38000000,830
204,Spider Slack,23175764210,37900000,1513
205,RABBITWARREN - Baby Nin Nin vs ONIBALL,926895036,38000000,104
206,That Little Puff,35152273775,37800000,1218
207,Ian Lucas,4971438316,37600000,544
208,Ishaan Ali 11,23884824929,37400000,1948
209,Goldmines Bollywood,11318024084,37400000,6611
210,infobells - Telugu,23963311064,37200000,849
211,Kritika Channel,45174039494,37100000,6993
212,Lucas and Marcus,17252578446,37100000,2694
213,D Billions,53389420282,36800000,2210
214,Ch3Thailand,25917292105,36700000,91956
215,Geet MP3,15714333806,36700000,833
216,Aditya Music,38143581506,36500000,30941
217,Goldmines Dishoom,9474840388,36500000,5819
218,Beast Reacts,6799436479,36500000,233
219,Saito,32400832692,36400000,9583
220,Caín Guzmán,24930032357,36400000,6092
221,Round2hell,3817360071,36300000,70
222,Nick DiGiovanni,17422662636,36200000,491
223,Tsuriki Show,48551568392,36000000,6013
224,Crazy XYZ,11191098002,36000000,1577
225,Masters Of Prophecy,307432696,36000000,355
226,infobells - Tamil,24457180877,35900000,896
227,Pokémon Asia Official (Hindi),3167970170,35900000,618
228,Bayashi TV,25626172728,35700000,1630
229,Bebefinn - Nursery Rhymes & Kids Songs,22429784245,35700000,960
230,Danny Fitt,17623150546,35700000,3586
231,Selena Gomez,16127111883,35700000,212
232,MR BEAN PLAYZ,2531296,27000,2462
233,Eros Universe,5388886782,35700000,6706
234,shfa show India,25547897134,35600000,702
235,Cool Items Official,43649464207,35400000,3032
236,Daniel LaBelle,23905315534,35400000,439
237,Michael Jackson,20056465876,35400000,19
238,Yoeslan,36837398709,35300000,2021
239,Nick Jr.,29362114391,35200000,6500
240,J Balvin,27466632646,35200000,389
241,Indosiar,7390192154,35200000,15099
242,Taarak Mehta Ka Ooltah Chashmah Episodes,7878380083,4430000,21313
243,Jordan Matter,13865856118,35100000,569
244,YOLO WoT,24840241,16600,5196
245,GAZOO Racing,531171401,35100000,3933
246,SSSniperWolf,26556652931,35000000,3990
247,J House jr.,56660140120,34900000,8404
248,Lallantop Cinema,1067768606,1400000,12393
249,Kids Cartoons and Nursery Rhymes - Little Angel,850898461,2010000,771
250,VEGETTA777,16354633143,34700000,8786
251,Chotanawab,17766274070,34600000,3269
252,KHANDESHI MOVIES,12237166966,34400000,253
253,NoCopyrightSounds,12315080487,34300000,2087
254,rezendeevil,14139370029,34200000,13032
255,Desi Music Factory,11375352076,34200000,329
256,Dream,4277560443,34200000,294
257,Susy Mouriz,17194844842,34100000,2496
258,Justin Flom,37650885278,34000000,1229
259,Bounce Patrol - Kids Songs,27740347036,34000000,308
260,The Tonight Show Starring Jimmy Fallon,19581278587,33900000,14121
261,Chapitosiki,46090010195,33600000,6640
262,SMTOWN,33327401239,33600000,4681
263,DONA 도나,23545085223,33600000,322
264,DUDU e CAROL,15907962573,33600000,3322
265,Zach Choi,14906172829,33600000,1962
266,Zidaan Shahid Aly,35379769086,33500000,7036
267,قناة طيور الجنة | toyoraljanahtv,31400097409,33500000,3551
268,The Royalty Family,12270967465,33500000,845
269,El Payaso Plim Plim,50182254563,33400000,2161
270,Hamster Kombat,1318820550,33400000,891
271,Talking Tom,17867815811,33300000,1064
272,CuRe 구래,32198382327,33200000,1001
273,ImagineDragons,22662951118,33200000,264
274,GONZOK,8408765103,33300000,948
275,Netflix,11036897035,33100000,8954
276,ZappyToons - Hindi Nursery Rhymes and Stories,22947102095,32900000,927
277,Rafa & Luiz,13266668835,33000000,4836
278,Jasmin and James,60983508805,32800000,17235
279,Alan Becker,9268486380,32800000,265
280,ashish chanchlani vines,5588393737,32700000,203
281,Mau McMahon,8161770843,32600000,1288
282,Ultra Records,19762396126,32500000,5493
283,BigSchool,14615025506,32500000,7445
284,Azhan5star,12976521873,32500000,1126
285,_vector_,25092452644,32400000,622
286,Luis Fonsi,17294937929,32400000,549
287,Sun TV,41933447351,32200000,168240
288,7clouds,29332561365,32200000,3354
289,Ami Rodriguez,6472041977,32200000,797
290,Spinnin' Records,22906657157,32000000,13326
291,Drake,22132468986,32000000,101
292,GENIAL,7231206074,32000000,11461
293,Vania Mania på Norsk,127516601,264000,70
294,Preston,13207516288,31900000,4314
295,Ultra Movie Parlour,7346911702,31900000,2318
296,JYP Entertainment,26868395187,31800000,2717
297,Bobby chourasiya,18334262125,31800000,744
298,Boram Tube Vlog [보람튜브 브이로그],14328995059,31800000,296
299,Dhruv Rathee,5433389878,31800000,744
300,Vlad and Niki ESP,13912766239,31700000,842
301,Jomy Production,10728907043,31700000,616
302,AH Documentaries,544916,6450,246
303,Republic Bharat live,0,595,0
304,Game9bit,17581340255,31400000,26160
305,jacksepticeye,17568736804,31200000,5307
306,Kidibli (Kinder Spielzeug Kanal),17501148468,31200000,1384
307,Renato Garcia,10408281921,31200000,5456
308,Soy Suco,6850296252,31200000,1367
309,Justin Bieber,37547851046,77300000,278
310,Kids TV - Nursery Rhymes And Baby Songs,16314735885,31000000,4642
311,Filaretiki,35654180301,30900000,6039
312,Maluma,26700851167,30900000,146
313,toycantando,20771229612,30900000,1162
314,ABPLIVE,12045855907,30900000,318441
315,Kids Got Talent,802930999,3260000,758
316,Sony AATH,24880682582,30800000,30989
317,Diana and Roma ARA,14665137574,30800000,862
318,Peppa Pig Español Latino - Canal Oficial,13078018140,30900000,3781
319,Shawn Mendes,15597452773,30600000,195
320,승비니 Seungbini,27277768769,30500000,703
321,WB Kids,14665638252,30500000,2830
322,Jamuna TV,28012062061,30400000,227876
323,Lady Gaga,24560593316,30400000,257
324,vlogger varun,13674610236,30400000,1006
325,Disney Jr. Latinoamérica,13144691863,30400000,1177
326,invictor,11100878049,30400000,2956
327,Village Cooking Channel,9645219545,30400000,270
328,Goldmines,31911561247,109000000,13412
329,Wiz Khalifa,16087931276,30300000,940
330,ViralHog,40085306898,30200000,60316
331,Trap Nation,15077538303,30200000,3051
332,Aja Kitchen,21912830385,30100000,3062
333,Box Of Vengeance,14032718486,30100000,467
334,Narendra Modi,8107926282,30100000,34159
335,ILYA BORZOV,22746490624,30000000,3905
336,Raffy Tulfo in Action,18634600114,30000000,13755
337,Sidhu Moose Wala,9925370857,30000000,124
338,Diana and Roma EN,11143950878,29900000,782
339,Pen Movies,9596413414,29900000,1848
340,Chris Brown,21502325817,29800000,85
341,jaanvi patel,14630920421,29800000,1055
342,Cacau Haxkar,11007054465,29800000,2372
343,Sesame Street,31170616933,29700000,3987
344,Chuster,10180453025,29700000,3801
345,toyorbabytv,24188820302,29600000,1518
346,斗罗剧场,17556083060,29500000,2384
347,Anuel AA,22927868943,29400000,186
348,Emilly Vick,19544792756,29400000,1260
349,BabyBus - Canciones Infantiles & Videos para Niños,18776624199,29300000,2002
350,ZHC,4007076962,29300000,332
351,Beast Philanthropy,1270091722,29300000,70
352,DanTDM,20346546909,29200000,3793
353,H&T Official,17084145985,29100000,2101
354,Diana and Roma HIN,13667793551,29100000,856
355,Tappu Honey Parmar,16336417014,29000000,4327
356,Beyoncé,21927460421,28900000,265
357,LIV Crime,15544638692,28900000,21548
358,FaZe Rug,10571163994,28900000,2551
359,CRAZY GREAPA,30804598210,28800000,1692
360,Valentina Pontes ofc,12804458830,28800000,3964
361,BigChungus,5467186639,28800000,893
362,Post Malone,20214549036,28700000,180
363,Netflix India,15075122529,28700000,6786
364,enchufetv,11425720129,28700000,2663
365,SOMOY TV,20664240515,28500000,290783
366,Rubén Tuesta oficial,20596638957,28500000,1816
367,La Granja del Borrego,7010269176,28500000,510
368,albert_cancook,26079014580,28400000,930
369,Coldplay,22833728697,28400000,550
370,Like Nastya AE,14832589246,28400000,946
371,Vlad and Niki Arabic,13719502176,28400000,853
372,Sandeep Maheshwari,2469147663,28400000,656
373,Vijay Television,57911863919,28300000,141522
374,BabyBus - Cerita & Lagu Anak-anak,20379715683,28300000,1645
375,Koray Zeynep,34450530628,28200000,5795
376,The Late Late Show with James Corden,10419242691,28200000,5788
377,طارق الحلبي tarik alhalapi,21468058938,28100000,2588
378,Busy Fun Ltd,11972451151,28100000,343
379,GMA Public Affairs,19464432113,28000000,105156
380,Andrey Grechka,33013587917,27800000,2916
381,Red Bull,25736138282,27800000,6912
382,David Guetta,22975942731,27800000,1030
383,NuNu Tv - Nursery Rhymes ,22523752829,27800000,754
384,TRANS7 OFFICIAL,16387340497,27800000,112309
385,WORLDSTARHIPHOP,22146432409,27700000,7392
386,ToyPuddingTV,16832850014,27600000,2427
387,Lucan Pevidor,16286837203,27600000,2211
388,Venus Movies,6142529930,27600000,2427
389,Linh Nhi Shorts,34636469234,27500000,7517
390,Marília Mendonça,20596925298,27500000,270
391,Pawan Sahu,13427992384,27500000,2438
392,Younes Zarou,23719997345,27400000,2103
393,Pink Shirt Girl,15304275008,27400000,1404
394,RKD Studios,7611734951,27400000,1433
395,GH'S,27120982004,27300000,1129
396,Tech Master Shorts,16857296948,27300000,1466
397,LosPolinesios,8819180874,27300000,1436
398,Goldmines Cineplex,3302357411,27300000,5466
399,TED,3130478487,27300000,5581
400,SMOL,28628971854,27200000,8390
401,Goldmines Great Indian Comedy,6909813291,27200000,5163
402,Blippi - Educational Videos for Kids,23689808497,27100000,1819
403,Tlnovelas,23546124650,27100000,71004
404,Kajal Soni,17439050328,27100000,1715
405,Like Nastya PRT,16100378227,27100000,922
406,Wow Kidz Action,13128365088,27100000,9187
407,Smosh,11324650859,27100000,2252
408,netd müzik,50411958067,27000000,19610
409,Disney Jr. ,31222643143,27000000,6962
410,Rotana,30378417579,27000000,9805
411,Diana Belitskay,28061141253,27000000,10294
412,Wave Music,48437451788,69900000,21139
413,Nick Pro,11736523564,27000000,765
414,Maya and Mary,9060788525,27000000,890
415,Tibo InShape,21771756649,26900000,6613
416,Dhar Mann Studios,19583623655,26900000,1822
417,Diosdado Juarez,23204160060,26800000,2871
418,TV9 Bharatvarsh,22062315633,26800000,586476
419,News24,608434591,989000,24517
420,Film World,316824935,26800000,1954
421,Misti Happy Lifestyle Games & Shorts,39358442674,26700000,6704
422,Noman Official,10026410286,26700000,1213
423,Vijay Kumar Viner Vlogs,18257189393,26600000,3191
424,Rans Entertainment,7200107435,26600000,4935
425,BB Ki Vines,5323678748,26600000,195
426,MSA,12956290141,26500000,1008
427,deepesh zo,12474822868,26500000,1335
428,ANYA KOVA,26180424491,26400000,5285
429,Eva Bravo Play,13942770051,26400000,516
430,1MILLION Dance Studio,8737160898,26400000,8947
431,Zack D. Films,65881048508,26300000,3151
432,Dan Rhodes,19254907573,26300000,1729
433,Tayo Bus Kecil - Tayo Bahasa Indonesia,18857804514,26300000,1746
434,Kiddiestv Hindi - Nursery Rhymes & Kids Songs,10001072983,26100000,409
435,VanossGaming,16869861976,26000000,2224
436,Nat Geo Kids,360627833,1840000,1367
437,BRUNO,6487384485,26100000,570
438,Chloe Ting,3484342748,26000000,513
439,GMM GRAMMY OFFICIAL,31537221527,25900000,19371
440,Enrique Iglesias,22101692279,25900000,570
441,Fabiosa Best Lifehacks,21023936232,25900000,3333
442,WatchMojo.com,17920160376,25900000,32617
443,Sony LIV,16265474096,25900000,57132
444,Les' Copaque Production,16035673690,25800000,2947
445,CazéTV,7232370081,25800000,25387
446,Khan GS Research Centre,2752078536,25800000,403
447,Infinite,6512769311,25700000,1757
448,Triggered Insaan,4976716510,25700000,361
449,Jake Fellman,18095375715,25600000,548
450,Miss Katy,16556217559,25600000,1187
451,हिंदी - Genevieve's Playhouse,14431469442,25600000,141
452,FC Barcelona,7104053773,25600000,15338
453,And TV,23956960621,25500000,61523
454,Ishtar Punjabi,14268730843,25500000,7612
455,شبكة العاب العرب | Arab Games Network,11044290958,25500000,7994
456,LOL (Life of Limbachiyaa’s),5478326302,9010000,2295
457,Netflix Jr.,17931268251,25300000,3167
458,SSundee,17022989644,25300000,3700
459,FACT FIRE KING,14838454267,25300000,3242
460,Nasya Official,13365721439,25300000,952
461,MiawAug,8254679037,25300000,4761
462,Deddy Corbuzier,7907187766,25300000,2184
463,FGTeeV,26008253064,25200000,1876
464,Mister Max,16716414469,25200000,1241
465,Masha e o Urso,13057742239,25200000,2174
466,Unbox Therapy,5099399448,25200000,2495
467,Kurzgesagt – In a Nutshell,3658142137,25200000,351
468,1theK (원더케이),27637515960,25100000,22522
469,NDTV India,25406662099,25100000,261464
470,Jason Vlogs,18023370775,25100000,1112
471,Miwanda_Tanz,12011433732,25100000,6468
472,BROTHERS VLOG,17625234044,25000000,2609
473,Infobells Bangla,14914202626,25000000,663
474,DJ Snake,10607605465,25100000,372
475,KSI Music,6332877001,24900000,1269
476,Miss Karisha,2328594699,24900000,406
477,Linkin Park,20940790214,24800000,1135
478,Sia,16772875038,24800000,389
479,FIFA,8223515027,24800000,12932
480,Vsauce,6593743263,24800000,640
481,Aphmau,28902514492,24700000,5727
482,Rihanna,28679918226,45700000,92
483,NickyJamTV,18405087666,24700000,615
484,Dua Lipa,15747217351,24700000,318
485,Liza Baez,9146912527,24800000,807
486,Sejal Gaba,24276086001,24600000,769
487,Yudist Ardhana,11434479003,24600000,6000
488,ГЛЕНТ,5768550138,24600000,1059
489,What's Idea,42392343,24600000,83
490,Ninja Kidz TV,14388841795,24500000,344
491,Pragati Verma Shorts,11900528918,24500000,1319
492,benja calero,10599045033,24600000,2141
493,Amit Bhadana,2883266932,24400000,148
494,YANA CHIRKINA,28290174812,24200000,8672
495,Katy Perry,29762032432,46800000,210
496,boxtoxtv,21478108343,24200000,2749
497,GOLU008,14149452922,24200000,1768
498,Like Nastya IDN,11102003090,24200000,788
499,Lyna,10820929309,24300000,6004
500,CoryxKenshin,9776363912,24200000,1753
501,YouTube Movies,0,197000000,0
502,Like Nastya,1.20E+11,132000000,1060
503,Music,0,126000000,0
504,Gaming,0,92000000,0
505,Aaj Tak,44843437983,74900000,630629
506,Sports,0,74400000,0
507,Masha and The Bear,35970929797,54800000,2286
508,IndiaTV,33612255496,50400000,404321
509,ABP NEWS,26735353534,50400000,563305
510,Kimberly Loaiza,7383417900,47500000,314
511,YouTube,1268283877,45100000,1446
512,HolaSoyGerman.,4976555573,44500000,136
513,WowKidz,24332842930,41300000,15591
514,Diana and Roma ESP,17997194777,40700000,852
515,One Direction,16370598382,39800000,157
516,News18 India,48358342599,39600000,583697
517,Galinha Pintadinha,41533268521,39000000,66
518,Mr Bean,12450068572,35700000,5050
519,News,0,35700000,0
520,Taarak Mehta Ka Ooltah Chashmah,40055468114,35100000,24072
521,YOLO,3278746504,35100000,596
522,The Lallantop,17813059639,34800000,81903
523,Little Angel: Nursery Rhymes & Kids Songs,28838421722,34700000,2333
524,Adele,18659876972,33200000,43
525,Vania Mania Kids,18360877157,31900000,1737
526,AH,5606177780,31400000,4915
527,Republic Bharat,21500936306,31300000,316354
528,JustinBieberVEVO,30681882684,31100000,223
529,America's Got Talent,5531188061,30900000,2505
530,李子柒 Liziqi,3416611252,30900000,131
531,Goldmines Movies,6917028257,30400000,6675
532,Chiku life vlogs,13519102392,29500000,1095
533,AuronPlay,4317286608,29100000,402
534,Minecraft - Topic,0,28300000,0
535,Nicki Minaj,12624369816,28100000,67
536,Wave Music Bhojpuri,15856806811,27000000,25266
537,News 24,18237490883,26800000,444619
538,MrBeast en Español,3347318893,26800000,67
539,National Geographic,6901280139,26000000,11346
540,Las Ratitas,10461974675,25800000,225
541,LOL,5907220257,25500000,2448
542,TaylorSwiftVEVO,0,25200000,0
543,RihannaVEVO,22415173951,24700000,119
544,OFFICIAL SRG,5400215255,24500000,1202
545,Yuya,2596520081,24500000,672
546,EminemVEVO,25173029882,24300000,105
547,KatyPerryVEVO,26466792938,24200000,186
548,Ravi sagar88,11525099708,24100000,3031
549,Vilmei,9703614700,24100000,4264
550,DrossRotzank,7087599821,24100000,1992
551,Brawl Stars,4469304279,24100000,407
552,Moosa Tv Info,25591964235,24000000,2147
553,NBA,17626842698,24000000,76391
554,How Ridiculous,15759279933,24000000,825
555,Lyrical Lemonade,13049861352,24000000,466
556,超人不会飞,21254414385,23900000,4873
557,La Rosa de Guadalupe,16264619141,23900000,16690
558,James Charles,4741586605,23900000,694
559,Ranwa Family,28844618038,23800000,3061
560,T-Series Hamaar Bhojpuri,13581182798,23800000,11599
561,Troom Troom,10547465032,23800000,3074
562,Collins Key,7011150148,23800000,260
563,Times Now Navbharat,22692014540,23700000,288053
564,Cheri's World,18816412669,23700000,1405
565,Johny FamilyShow,12517730034,23700000,607
566,DeGoBooM,7778096365,23700000,5841
567,Technical Guruji,3983774859,23700000,6173
568,Klara Tania,17745234830,23600000,3553
569,Panda Shorts,12616954804,23600000,1338
570,Logan Paul,6153325942,23600000,781
571,Ninja,2783858162,23600000,2604
572,Diary of 4,64694886991,23500000,6299
573,mmoshaya,19092621064,23500000,1312
574,Stray Kids,11136984933,23500000,2026
575,etvteluguindia,31719870157,23400000,178738
576,Romeo Santos,23672336850,23400000,58
577,Ajay Sharma,15501727697,23400000,1653
578,Jelly,15330465588,23400000,6901
579,Katakit Baby TV,11385239428,23400000,273
580,Jazzghost,10688065889,23400000,6340
581,Paulo Londra,10485515597,23400000,118
582,Mr Azmaik,23169118732,23300000,659
583,Like Nastya VNM,14085694871,23300000,871
584,LazarBeam,10157619776,23300000,1223
585,XO TEAM,20434766416,23200000,8036
586,Santi Oficial,17333872648,23200000,1863
587,DLS News,3803337294,23200000,9098
588,SonyMusicSouthVEVO,28282300680,23100000,6653
589,AlJazeera Arabic  قناة الجزيرة,19229583417,23100000,287244
590,Enterr10 Rangeela,12735298304,23100000,8342
591,Charlie Puth,12615185007,23100000,189
592,DEV Ke Facts,7643506707,23100000,887
593,Tekashi 6ix9ine,7312119272,23100000,72
594,ARGEN,17845984563,23000000,4350
595,The Chainsmokers,16916078062,23000000,328
596,Bizarrap,11177225682,23000000,94
597,Amaury Guichon,9591102291,23000000,509
598,Sidemen,7637747737,23000000,460
599,ChuyMineVt,5031228517,23000000,1469
600,HAYATAKU はやたく,28310063889,22900000,2491
601,SriBalajiMovies,13537458987,22900000,35271
602,Like Nastya Vlog,11011120968,22900000,796
603,SUPER SLICK SLIME SAM,10098833107,22900000,1922
604,Prashant Sharma Entertainment,6362256058,22900000,1514
605,Hasan Tarhan,26387867197,22800000,9332
606,Official Pink Panther,13427139646,22800000,1109
607,Rakib Hossain,12556752121,22900000,1019
608,NMF News,11313370828,22800000,157576
609,LukeDidThat,10916783405,22800000,471
610,Brianna,9238104360,22800000,960
611,Fatos Desconhecidos,4635255526,22800000,8769
612,ChuuyMine,3820564695,22800000,953
613,Surya Citra Televisi (SCTV),2403434647,22800000,21821
614,Beatbox Klim,18218373122,22700000,3034
615,Mini Katana,17543354656,22700000,3354
616,AMARINTV : อมรินทร์ทีวี,11460063103,22700000,148256
617,Vlad y Niki Show,8690169681,22700000,804
618,Ryan Trahan,5865771671,22700000,494
619,The Savage Siblings,23714003963,22500000,1443
620,Becky G,13664866166,22500000,157
621,Marvel Entertainment,7129408180,22500000,10296
622,Anninha,5646274914,22500000,2162
623,TED-Ed,4576604508,22500000,2342
624,Little Angel Español - Canciones Infantiles,15041646208,22400000,1521
625,Robin Hood Gamer,11962543793,22400000,4620
626,Cadres,10496586469,22400000,3050
627,Mrwhosetheboss,8455823175,22400000,1893
628,Shemaroo Comedy,7986370853,22400000,6539
629,Mnet K-POP,19057053046,22300000,45268
630,Bollywood Classics,11079691855,22300000,2649
631,Fun For Kids TV - Hindi Rhymes,10487083595,22300000,281
632,ElTrollino,6816489873,22300000,1568
633,M kriwat,4368566461,22300000,1298
634,Happy Monkey,0,22300000,0
635,Think Music India,21959897498,22200000,6934
636,Salman Noman,13644889756,22200000,1749
637,Green Gold TV - Official Channel,11538793797,22200000,3824
638,Cute.Shivani.05,8828550986,22200000,1597
639,Oneindia Hindi | वनइंडिया हिंदी,6545189048,22200000,202141
640,Emiway Bantai,4393420052,22200000,387
641,Noor Stars,3243388016,22200000,741
642,Dear Sir,2348632007,22200000,1456
643,YT Facts ,60647,22200000,80
644,GRAMMY GOLD OFFICIAL,27505650627,22100000,9429
645,Peet Montzingo,17960025400,22100000,612
646,Supercar Blondie,12404246723,22100000,2349
647,ALBUM CREATIONS,12214067199,22100000,3402
648,Painzeiro,5125538106,22100000,1838
649,SHoNgxBоNg,3943059780,22100000,825
650,Jimmy Kimmel Live,15363599797,22000000,7882
651,Patricio Razo,15137437469,22000000,2326
652,Savage Vlogs,13548594318,22000000,3147
653,UFC,11216290159,22000000,24019
654,Aanganwadi Ke Bacche,10000477126,22000000,828
655,Luis Méndez,6225053240,22000000,2240
656,Technoblade,2081649730,22000000,1000
657,HUBA후바,14945751884,21900000,1051
658,Gordon Ramsay,4614115754,21900000,2056
659,ام سيف Om sayf,17590486094,21800000,1135
660,STAR भारत,15226613963,21800000,51351
661,Rebecca Zamolo,10136290179,21800000,1165
662,Smile Family,9135395283,21800000,971
663,Sonic Gang,8686203635,21800000,4149
664,Smile Family Spanish,8532745667,21800000,767
665,Brave Wilderness,5439297265,21800000,1101
666,Clash of Clans,5274065932,21800000,1281
667,José Totoy em Português (BR),1137035083,21800000,341
668,Gusttavo Lima Oficial,18556924258,21700000,909
669,BBC News Hindi,11227430284,21700000,37452
670,XDSchool,9313300008,21700000,9647
671,AMIT FF YT,8629606340,21700000,260
672,LEGO,27718774516,21600000,49032
673,Jagdish Comedian,14903840665,21600000,1590
674,Turma da Mônica,14147702667,21600000,1210
675,Spizee,13568458759,21600000,445
676,Go Ami Go!,4851957213,21600000,474
677,Aditya reacting boy,24705871895,21500000,1774
678,OneDirectionVEVO,13955070933,21500000,266
679,قناة وناسة -  Wanasah TV,13171247113,21500000,281
680,zbing z.,12565508789,21500000,4700
681,Avicii,12404562896,21500000,206
682,Vlad and Niki ARA,10077429183,21500000,772
683,Kaleb Andri,5414770994,21500000,3853
684,Bihari Ladka,16661262948,21400000,1164
685,CookieSwirlC,8813620413,21400000,1691
686,SlivkiShow,5315049493,21400000,518
687,Got Talent Global,2957633113,21400000,2008
688,Naisa Alifia Yuriza (N.A.Y),673273225,21400000,252
689,Sony Music South,20838165787,21300000,5460
690,Luli Pampín,20429347046,21300000,614
691,tabii Urdu,12009812786,21300000,2707
692,Zuni and Family,10995285932,21300000,394
693,Tasty,6306121335,21300000,6451
694,Canal Canalha,2202161922,21300000,492
695,scottsreality,31122616466,21200000,2279
696,Zee Bangla,17587057349,21200000,197694
697,Dental Digest,13455325200,21200000,705
698,Britain's Got Talent,12581842924,21200000,5739
699,FactTechz,9847805824,21200000,2104
700,DM - Desi Melodies,8644123988,21200000,1121
701,GCC Facts,1940861569,21200000,7
702,Adhemz,16226302136,21100000,3418
703,Dr. Vivek Bindra: Motivational Speaker,2120429148,21100000,3140
704,Osratouna tv - قناة أسرتنا,19637177477,21000000,686
705,Adam W,19259691365,21000000,1115
706,GuiGe,17817955528,21000000,7177
707,Heidi & Zidane बच्चों की कहानियाँ,14942887222,21000000,1203
708,Vishal Rajput Official,13856055622,21000000,1081
709,DEV Ke Experiment,12507135931,21000000,1140
710,Jake Paul,7991900360,21000000,1606
711,Tiger Wong Entertainment,4684600683,21000000,2506
712,Happy L story ,22412832761,20900000,1052
713,El Reino a Jugar,16240683245,20900000,1262
714,Gabrielmiranda_ofc,14366184441,20900000,1664
715,Matt Larose,11251178357,20900000,230
716,Sonotek,8852664643,20900000,8478
717,Marques Brownlee,5342422897,20900000,1814
718,Colors Rishtey,318656337,20900000,22905
719,Kids TV India Hindi Nursery Rhymes,13415704150,20800000,2717
720,Geo News,12526754741,20800000,352542
721,Troom Troom Es,7953467837,20800000,3566
722,Banku Backbencher,6722020571,20800000,727
723,PowerfulJRE,6488564338,20800000,3570
724,AS Gaming,3351263352,20800000,1744
725,MissaSinfonia,3050644137,20800000,252
726,Mazhavil Manorama,26758684687,20700000,164367
727,Daily Dose Of Internet,17145586492,20700000,1788
728,Si Bocil - Bocah Cilik,16790167707,20700000,1917
729,A2 Motivation by Arvind Arora,13854914419,20700000,5972
730,ماشا و الدب,12557618905,20700000,2051
731,Like Nastya Collections,11190019603,20700000,1019
732,Caylus  ,8520805048,20700000,2261
733,NH Studioz,6834550661,20700000,6212
734,TheOdd1sOut,5673930627,20700000,197
735,tanboy kun,5201230161,20700000,1179
736,nigahiga,4422794279,20700000,403
737,Su Hao,23877397139,20600000,6507
738,Farruko,12973893083,20600000,386
739,Travis Scott,12001270993,20600000,20
740,Pop Chartbusters,11678243746,20600000,2583
741,Marusya Outdoors,9608575383,20600000,126
742,Veritasium,4172487117,20600000,494
743,Gato Galactico,4014406838,20600000,1637
744,Apple,1031587396,20600000,174
745,Thairath News - ข่าวไทยรัฐ,19036845434,20500000,291006
746,KBS WORLD TV,18109714179,20500000,85532
747,Познаватель,10591912891,20500000,580
748,Pentatonix,6849910296,20500000,398
749,BanderitaX,6574457978,20500000,2058
750,Yarook_Malik22,6256746023,20500000,1107
751,Aayu and Pihu Show,13945804548,20400000,825
752,RsiamMusic : อาร์สยาม,13650715504,20400000,3694
753,SuperHero Kids,9916199746,20400000,802
754,Zee Music Classic,7992785149,20400000,1902
755,Skrillex,7443752614,20400000,253
756,Glebo,5911946994,20400000,760
757,Ivana Alawi,1927670361,20400000,258
758,Behindwoods TV,31891725776,20300000,98496
759,GMMTV OFFICIAL​​,19118928194,20300000,35498
760,officialpsy,12882858157,20300000,183
761,Влад и Никита,12095508096,20300000,831
762,Pencilmation,12020916998,20300000,1927
763,Natupuboldi,10547044126,20300000,1421
764,iam_nandinirajput,9614930662,20300000,3711
765,Cardi B,9591660659,20300000,232
766,StudyIQ IAS,8055925751,20300000,64162
767,Sr indori09,7842349750,20300000,888
768,MoreAliA,7280898695,20300000,2940
769,Arif muhammad,7147478586,20300000,887
770,Miniature bana,2971155965,20300000,788
771,NANDO,2716000758,20300000,463
772,AuthenticGames,9010231452,20200000,4842
773,Manual do Mundo,5222187151,20200000,3303
774,Dhot Design,4741924503,20200000,708
775,Free Fire - Topic,0,20200000,0
776,Kashvi Adlakha,20642852872,20100000,3356
777,REACT,13769846400,20100000,5414
778,Ethan Funny Family,12412978094,20100000,1276
779,Kendrick Lamar,11953707306,20100000,40
780,SQUEEZIE,11723809473,20100000,1812
781,tiyaa_ningwal_official,7115694988,20100000,1235
782,RobleisIUTU,6790850354,20100000,2218
783,5-Minute Crafts DIY,5228993677,20100000,7614
784,Joe HaTTab,2666882474,20100000,559
785,itsmeissie,20293749700,20000000,2059
786,seeVi la,18650664106,20000000,2705
787,Dr Ryan,11994505728,20000000,1935
788,Miley Cyrus,10799869820,20000000,199
789,Eli Kids - Cartoons & Songs,8926401412,20000000,1304
790,5-Minute Crafts PLAY,6569263535,20000000,7930
791,E-MasterSensei,5549426652,20000000,1617
792,MARIANA,3830340644,20000000,987
793,Vevo,615886696,20000000,2534
794,Jojo Sim,27490821544,19900000,3885
795,KOMPASTV,16296408303,19900000,397758
796,POPS Kids,14389680724,19900000,4306
797,Pokémon Indonesia,1413917001,19900000,1204
798,IGN,21225532403,19800000,179460
799,Củ Cải Thối,13760313929,19800000,2363
800,MY FAMILY,7849516909,19800000,445
801,El Tío Néstor,7308306071,19800000,1922
802,Daniel Jaramillo ,7081350050,19800000,514
803,The MriDul,6684011245,19800000,428
804,BuzzFeedVideo,25938068659,19700000,11489
805,Unspeakable,12171556261,19700000,1112
806,SRK MUSIC,8536012245,19700000,5590
807,TheGrefg,7511340417,19700000,4474
808,Ali-A,7237979486,19700000,5072
809,Мирошка ТВ,5444957610,19700000,6
810,ROSÉ,5307377329,19700000,92
811,JukiLop,1626889185,19700000,85
812,Apu Alone,27268751795,19600000,7754
813,Calvin Harris,18757602426,19600000,105
814,HikakinTV,15267313675,19600000,3698
815,Good Mythical Morning,10877482391,19600000,4491
816,Albertisment,7072889133,19600000,1821
817,BBC News,6834651624,19600000,29509
818,Juliana Baltar,5165900710,19600000,3320
819,The Game Theorists,4680521514,19600000,877
820,ZEE5,25847817154,19500000,237588
821,ABC News,18108134246,19500000,112356
822,Family Games Media,16413200187,19500000,5679
823,Blippi Español,12494117676,19500000,1184
824,Ch7HD,11978272534,19500000,105088
825,Pinkfong en español - Canciones Infantiles,11865120880,19500000,2717
826,Lil Nas X,7641935663,19500000,60
827,Monsta,7629958094,19500000,2539
828,GEN HALILINTAR,4976524144,19500000,1518
829,Real Madrid,4048889054,19500000,8735
830,HaerteTest,3876249411,19500000,2083
831,Дима Масленников  ,3254207135,19500000,478
832,HiMan,3190695106,19500000,414
833,Oflow,8094595,19500000,2060
834,Family GamesTV,0,19500000,0
835,CNN,20356048369,19400000,181614
836,CKN ,14144113690,19400000,492
837,Super Beauty team,13958911026,19400000,4556
838,That's Amazing Shorts,7345352841,19400000,211
839,Marmok,3983421853,19400000,451
840,JennaMarbles,1877094827,19400000,250
841,ZutiGang,19578100241,19300000,1612
842,THE BROWN SIBLINGS,12721481381,19300000,1852
843,Vlad and Niki PRT,9055373254,19300000,849
844,Saregama Hum Bhojpuri,8678932252,19300000,2590
845,Spiderbritto,8216721285,19300000,1760
846,Diana and Roma VNM,8089433102,19300000,807
847,Windah Basudara,5283902075,19300000,6033
848,Animal HT,4856499764,19300000,279
849,Gyan Gamingㅤ,2916285558,19300000,3927
850,PANDA,2654407532,19300000,293
851,Kika Kim,18007799549,19200000,2598
852,Sonyakisa8 TT,15222740159,19200000,314
853,Nam Phương,12358331948,19200000,11147
854,웃웃TwinsFromRussia,11071365856,19200000,9554
855,Tonni art and craft,9810725385,19200000,1974
856,TWICE,9009080398,19200000,2468
857,Trần Thị Thu Trang,8886942505,19200000,1123
858,Sinotal Gaming,8689563515,19200000,2837
859,Dan-Sa / Daniel Saboya,814605248,19200000,4184
860,Rano's Home رانو هوم,26855586041,19100000,2203
861,janin al chair,13572136383,19100000,1586
862,ALDIS Putra,9882714479,19100000,10249
863,Lahari Music,9614802240,19100000,8190
864,Leo Study,9306420199,19100000,1075
865,VICE,5530128423,19100000,4379
866,Neagle,4452696957,19100000,2739
867,AlArabiya العربية,15351598321,19000000,328959
868,ABS-CBN News,14205828343,19000000,283587
869,MC Divertida,9836058470,19000000,945
870,Porta dos Fundos,9250987528,19000000,3498
871,sagar kalra (Shorts),7960667026,19000000,670
872,Tonde Gamer,6003691756,19000000,3290
873,T3ddy,3978543521,19000000,2755
874,Crafty Panda,1605271722,19000000,75
875,Queen Official,13498098283,18900000,1556
876,Sebastián Yatra,13214875895,18900000,232
877,Noel Robinson,11525949678,18900000,1707
878,PDK Films,4381813618,18900000,129
879,Alextis,4360881068,18900000,2538
880,RCTI - LAYAR DRAMA INDONESIA,17827172185,18800000,126737
881,LIV Comedy,15463641589,18800000,22533
882,The Vishal bhatt,12844397893,18800000,1866
883,Bon Bon Media,12275628084,18800000,2803
884,ياني ودِاني,7140667588,18800000,1048
885,Minecraft,3224905066,18800000,1375
886,Ray William Johnson,14846384492,18700000,3071
887,Jooj Natu,13958256202,18700000,1818
888,MK MUSIC,13487286014,18700000,8744
889,WinnerMax,5473217718,18700000,1826
890,Karen Bustillos,2822937586,18700000,646
891,RobTopGames,512860377,18700000,75
892,TRANS TV Official,9214005499,18600000,162249
893,KatieAngel,4102764248,18600000,928
894,Sanjoy Das Official,3912093765,18600000,501
895,leika garudita,20915735435,18500000,5569
896,Nick Jr. en Español,13984588664,18500000,2353
897,Ian Boggs,13482122932,18500000,1915
898,الـريماس - Al-Remas,12055165459,18500000,2370
899,Crazy Frog,11834148595,18500000,67
900,Lana Del Rey,11162829425,18500000,47
901,TheWillyrex,7323856632,18500000,7567
902,shane,4435973187,18500000,573
903,Fact YT,2033556779,18500000,350
904,im_siowei,21376083063,18400000,1408
905,Ak Ultra,18468071733,18400000,4841
906,Spider-VAMBI,15541526496,18400000,3375
907,Koushal Monga,15061496438,18400000,1394
908,Ju Araújo,9653672918,18400000,23965
909,Fabru Blacutt,8726325428,18400000,965
910,Jane ASMR 제인,8257349109,18400000,2773
911,Aadishakti Films,8182085335,18400000,5445
912,Free Fire India Official,3961829709,18400000,2621
913,INCRÍVEL,3459660270,18400000,10636
914,Quantum Tech HD,3145365778,18400000,521
915,The Dodo,16296838027,18300000,14017
916,50 Cent,14469613787,18300000,436
917,Маша та Ведмідь,9781342038,18300000,2229
918,Diana and Roma IND,8780211406,18300000,804
919,TheBrianMaps,5098894468,18300000,543
920,Airrack,4630585740,18300000,286
921,shakiraVEVO,31576027550,18200000,228
922,SportsNation,26051658285,18200000,7453
923,With Kids[위드키즈],9814709461,18200000,1191
924,Anitta,9480526274,18200000,269
925,Manish Sahu 47,8778294905,18200000,2738
926,Demi Lovato,7952772296,18200000,389
927,Mis Pastelitos,4945710662,18200000,852
928,SOFIADELMONSTRO,3732890450,18200000,365
929,Super Max,25155936078,18100000,4433
930,MoniLina,20682946790,18100000,1117
931,Facts' Mine,14175959219,18100000,1147
932,JULIA GISELLA,8514965113,18100000,850
933,Superhero Couple,8379345638,18100000,2873
934,NITIN FREE FIRE,3143688244,18100000,1009
935,José Totoy en Español,820784921,18100000,182
936,The McFive Circus,14564106712,18000000,4222
937,Czn Burak,8658346012,18000000,910
938,Alexa Rivera,5146266316,18000000,444
939,pets swag,4624371551,18000000,1190
940,The ACE Family,4607267936,18000000,713
941,Fact Brain 96,482005192,18000000,480
942,SEVENGERS,16437339370,17900000,1684
943,GMA News,14721522059,17900000,442552
944,penguinz0,13069629948,17900000,7011
945,Priya Biswas,10044945101,17900000,5665
946,Crescendo com Luluca,7657372182,17900000,2221
947,Volga Video,7639715873,17900000,4087
948,Adaah Queen,7113774979,17900000,873
949,News Nation,6704779776,17900000,296615
950,Lele Pons,5659372626,17900000,186
951,Luke Davidson,17406771133,17800000,1957
952,MGC Playhouse,17293660371,17800000,1707
953,Zee Telugu,17039724338,17800000,225778
954,Cleo y Cuquin - Canciones infantiles,12084818503,17800000,2249
955,gogo 2728,8585446035,17800000,1265
956,FunFun Toy Doll TV,8056023824,17800000,758
957,HowToBasic,3987160940,17800000,662
958,Amara Que Linda,1846362845,17800000,664
959,Zee Tamil,17048313783,17700000,193418
960,Теремок ТВ,14483365475,17700000,3731
961,Chota Ali vlogs,8745428412,17700000,4879
962,KSI,4773314860,17700000,1491
963,Bobon Santoso,2435536591,17700000,946
964,Come Play With Me,20919696423,17600000,565
965,Pitbull,15650947946,17600000,810
966,Jennifer Lopez,12337235766,17600000,497
967,Enes Batur S,9769608453,17600000,1930
968,infobells - Kannada,9320083929,17600000,745
969,Times Music,7012974235,17600000,3665
970,Power 96,6692510000,17600000,1889
971,Lil Pump,4417711124,17600000,79
972,Kim Loaiza,2472550099,17600000,41
973,Prajapati News,1154078562,17600000,2217
974,Toofani News,7737,17600000,3
975,Henrique e Juliano,20806118105,17500000,397
976,PopularMMOs,14838053678,17500000,4692
977,House of Highlights,11656926895,17500000,7030
978,MNCTV OFFICIAL ,9398143814,17500000,93966
979,ช่อง8 : Thai Ch8,6591066066,17500000,42100
980,Coke Studio Pakistan,6356069500,17500000,747
981,FailArmy,4895001376,17500000,916
982,Parotter,3563592541,17500000,913
983,Desi Gamers,2927009337,17500000,1523
984,Mobile Legends: Bang Bang,2348587367,17500000,5041
985,ArianaGrandeVevo,24471120089,17400000,232
986,BaLiTa - Baba Lili Tata,13210611213,17400000,1227
987,Piyuansh,9717511931,17400000,995
988,karameeshchannel,13427198544,17300000,2730
989,Little Angel - Músicas Infantis em Português,12352959101,17300000,1552
990,Компот,11127788405,17300000,3205
991,Gaby and Alex,9655207988,17300000,370
992,Little Treehouse Nursery Rhymes and Kids Songs,9386954594,17300000,2248
993,Jugnu Kids - Nursery Rhymes and Best Baby Songs,9169135590,17300000,5383
994,Kuplinov ► Play,8573720392,17300000,7581
995,Sing Along With Me!,8265445166,17300000,2285
996,PrestonPlayz,8164647157,17300000,1174
997,XpressTV,5555195056,17300000,913
998,Secret Vlog,19927903245,17200000,4229
999,Genierock,18264335469,17200000,2444
1000,Nico_thepomeranian,16418800907,17200000,875
